path	created	updated
".claude/commands/\351\201\227\350\250\200.md"	2026-04-25T22:46:41+08:00	2026-04-25T22:46:41+08:00
"\345\220\257\345\212\250\345\256\230\346\226\271claude.bat"	2026-04-25T22:48:27+08:00	2026-04-25T22:48:27+08:00
"\346\213\211\350\265\267claude.bat"	2026-04-25T22:48:27+08:00	2026-04-25T22:48:27+08:00
"\351\201\227\350\250\200/HF\345\256\230\346\226\271baseline\347\232\204SDPA\346\255\273\346\264\273key_size\344\270\215\347\255\211\344\272\216value_size\345\260\261\345\267\256\350\277\231\344\270\200\344\270\252trace\344\272\206-105930_28042026.md"	2026-06-22T11:18:38+08:00	2026-07-10T16:18:11+08:00
"\351\201\227\350\250\200/PR3630_graph_7\345\200\215\345\277\253_\344\275\206AR\347\262\276\345\272\246\344\273\216token8\345\274\200\345\247\213\346\274\202\347\246\273HF-175500_15052026.md"	2026-06-22T11:18:38+08:00	2026-06-22T11:18:38+08:00
"\351\201\227\350\250\200/\345\217\252\345\267\256\350\277\220\350\241\214HF_baseline\345\257\271\346\257\224\345\260\261\350\203\275\347\237\245\351\201\223vllm-omni\347\262\276\345\272\246\345\267\256\345\234\250\345\223\252\344\272\206-110132_29042026.md"	2026-06-22T11:18:38+08:00	2026-06-22T11:18:38+08:00
"\351\201\227\350\250\200/\346\230\216\346\230\216tp2_fp8_sp2\345\222\214cfgp2\345\217\252\345\267\256\344\270\200\344\270\252\344\272\221\345\256\236\344\276\213\345\260\261\350\203\275\350\267\221\345\256\214\344\272\206-120000_27042026.md"	2026-06-22T11:18:38+08:00	2026-06-22T11:18:38+08:00
"\351\201\227\350\250\200/dtype_cast_fix\345\256\236\346\265\213\346\227\240\350\247\202\346\265\213\346\224\271\345\226\204\344\275\206\347\220\206\350\256\272\345\257\271\345\276\205commit-100604_30042026.md"	2026-06-22T11:18:38+08:00	2026-06-22T11:18:38+08:00
.claude/commands/lastwords.md	2026-04-25T22:46:41+08:00	2026-04-25T22:46:41+08:00
.claude/commands/memory-compact.md	2026-07-10T16:02:53+08:00	2026-07-10T16:54:03+08:00
.claude/commands/reflect-review.md	2026-05-19T20:30:11+08:00	2026-07-10T16:54:03+08:00
.claude/hooks/stop-gate.sh	2026-04-25T22:46:41+08:00	2026-07-10T16:02:53+08:00
.claude/hooks/wt-write-guard.sh	2026-07-10T16:02:53+08:00	2026-07-10T16:02:53+08:00
.claude/settings.json	2026-04-25T22:46:41+08:00	2026-07-10T16:02:53+08:00
.claude/settings.local.json	2026-05-19T20:30:11+08:00	2026-05-19T20:30:11+08:00
.gitignore	2026-04-25T22:46:41+08:00	2026-07-10T16:02:53+08:00
AGENTS.md	2026-05-19T20:30:11+08:00	2026-07-10T22:28:58+08:00
CLAUDE.md	2026-04-25T22:46:41+08:00	2026-07-13T16:34:46+08:00
CONTRIBUTING.md	2026-07-10T16:18:11+08:00	2026-07-10T22:28:58+08:00
README.md	2026-04-25T22:46:41+08:00	2026-07-10T22:28:58+08:00
contributing/_index.md	2026-07-10T22:28:58+08:00	2026-07-10T22:28:58+08:00
contributing/incidents.md	2026-07-10T22:28:58+08:00	2026-07-10T22:28:58+08:00
contributing/layout.md	2026-07-10T22:28:58+08:00	2026-07-10T22:28:58+08:00
contributing/page-rules.md	2026-07-10T22:28:58+08:00	2026-07-13T14:49:08+08:00
contributing/scaling.md	2026-07-10T22:28:58+08:00	2026-07-10T22:28:58+08:00
contributing/validation.md	2026-07-10T22:28:58+08:00	2026-07-10T22:28:58+08:00
framework/_index.md	2026-07-10T16:02:53+08:00	2026-07-10T16:54:03+08:00
framework/agents/_index.md	2026-07-10T16:02:53+08:00	2026-07-10T16:02:53+08:00
framework/agents/guides/_index.md	2026-07-10T16:02:53+08:00	2026-07-10T16:02:53+08:00
framework/agents/guides/agent-loop-workflow.md	2026-07-10T16:02:53+08:00	2026-07-13T16:34:46+08:00
framework/agents/guides/review-delegation-framing.md	2026-07-10T16:02:53+08:00	2026-07-10T16:02:53+08:00
framework/benchmark/_index.md	2026-07-10T16:02:53+08:00	2026-07-10T16:02:53+08:00
framework/benchmark/guides/_index.md	2026-07-10T16:02:53+08:00	2026-07-10T16:02:53+08:00
framework/benchmark/guides/benchmark-contract.md	2026-07-10T16:02:53+08:00	2026-07-10T16:02:53+08:00
framework/ci/_index.md	2026-07-10T16:02:53+08:00	2026-07-10T16:02:53+08:00
framework/ci/guides/_index.md	2026-07-10T16:02:53+08:00	2026-07-10T16:02:53+08:00
framework/ci/guides/inspect-existing-tests-first.md	2026-07-10T16:02:53+08:00	2026-07-10T21:02:01+08:00
framework/debug/_index.md	2026-07-10T16:02:53+08:00	2026-07-10T16:02:53+08:00
framework/debug/guides/_index.md	2026-07-10T16:02:53+08:00	2026-07-10T17:42:38+08:00
framework/debug/guides/conclusion-discipline.md	2026-07-10T16:02:53+08:00	2026-07-10T16:54:03+08:00
framework/debug/guides/debug-funnel-discipline.md	2026-07-10T16:02:53+08:00	2026-07-10T18:20:20+08:00
framework/debug/guides/execution-principles.md	2026-07-10T16:02:53+08:00	2026-07-10T17:42:38+08:00
framework/debug/guides/retrospective-to-rules.md	2026-07-10T17:42:38+08:00	2026-07-10T17:42:38+08:00
framework/debug/guides/task-as-audit-enumeration.md	2026-07-10T16:02:53+08:00	2026-07-10T16:54:03+08:00
framework/docs/_index.md	2026-07-10T16:02:53+08:00	2026-07-10T16:02:53+08:00
framework/docs/guides/_index.md	2026-07-10T16:02:53+08:00	2026-07-10T16:02:53+08:00
framework/docs/guides/user-visible-acceptance.md	2026-07-10T16:02:53+08:00	2026-07-10T16:02:53+08:00
framework/environment/_index.md	2026-07-10T16:02:53+08:00	2026-07-10T16:02:53+08:00
framework/git/_index.md	2026-07-10T16:02:53+08:00	2026-07-10T16:02:53+08:00
framework/planning/_index.md	2026-07-10T16:02:53+08:00	2026-07-10T16:02:53+08:00
framework/planning/guides/_index.md	2026-07-10T16:02:53+08:00	2026-07-10T16:02:53+08:00
framework/planning/guides/implementation-validation.md	2026-07-10T16:02:53+08:00	2026-07-10T16:02:53+08:00
framework/planning/guides/mini-spec.md	2026-07-10T16:02:53+08:00	2026-07-10T16:02:53+08:00
framework/planning/guides/product-loop-planning.md	2026-07-10T16:02:53+08:00	2026-07-10T16:02:53+08:00
framework/remote/_index.md	2026-07-10T16:02:53+08:00	2026-07-10T22:28:58+08:00
framework/remote/guides/_index.md	2026-07-10T16:02:53+08:00	2026-07-10T16:02:53+08:00
framework/remote/guides/container-setup.md	2026-07-10T16:02:53+08:00	2026-07-10T16:54:03+08:00
framework/remote/guides/debug-basics.md	2026-07-10T16:02:53+08:00	2026-07-10T21:02:01+08:00
framework/remote/guides/hf-offline-mandatory.md	2026-07-10T16:02:53+08:00	2026-07-10T16:02:53+08:00
framework/remote/guides/live-environment.md	2026-07-10T16:02:53+08:00	2026-07-10T16:02:53+08:00
framework/remote/guides/node-basics.md	2026-07-10T16:02:53+08:00	2026-07-10T16:54:03+08:00
framework/remote/guides/remote-long-run.md	2026-07-10T16:02:53+08:00	2026-07-10T16:54:03+08:00
framework/remote/guides/serving-failfast-cleanup.md	2026-07-10T16:02:53+08:00	2026-07-10T21:02:01+08:00
framework/remote/guides/srun-lifecycle.md	2026-07-10T16:02:53+08:00	2026-07-10T16:54:03+08:00
framework/remote/guides/ssh-workflow.md	2026-07-10T16:02:53+08:00	2026-07-10T16:54:03+08:00
framework/remote/incidents/2026-04-21-remote-ssh-slurm-container-01.md	2026-07-10T16:02:53+08:00	2026-07-10T16:54:03+08:00
framework/remote/incidents/2026-04-22-remote-ssh-slurm-container-02.md	2026-07-10T16:02:53+08:00	2026-07-10T16:02:53+08:00
framework/remote/incidents/2026-04-23-remote-ssh-slurm-container-03.md	2026-07-10T16:02:53+08:00	2026-07-10T16:02:53+08:00
framework/remote/incidents/2026-04-23-remote-ssh-slurm-container-04.md	2026-07-10T16:02:53+08:00	2026-07-10T16:54:03+08:00
framework/remote/incidents/2026-04-27-remote-ssh-slurm-container-05.md	2026-07-10T16:02:53+08:00	2026-07-10T16:02:53+08:00
framework/remote/incidents/2026-04-27-remote-ssh-slurm-container-06.md	2026-07-10T16:02:53+08:00	2026-07-10T16:02:53+08:00
framework/remote/incidents/2026-04-27-remote-ssh-slurm-container-07.md	2026-07-10T16:02:53+08:00	2026-07-10T16:02:53+08:00
framework/remote/incidents/2026-04-27-remote-ssh-slurm-container-08.md	2026-07-10T16:02:53+08:00	2026-07-10T16:54:03+08:00
framework/remote/incidents/2026-05-14-remote-venv-and-cleanup-01.md	2026-07-10T16:02:53+08:00	2026-07-10T16:02:53+08:00
framework/remote/incidents/2026-05-20-remote-venv-and-cleanup-02.md	2026-07-10T16:02:53+08:00	2026-07-10T16:54:03+08:00
framework/remote/incidents/_index.md	2026-07-10T16:02:53+08:00	2026-07-10T16:02:53+08:00
framework/review/_index.md	2026-07-10T16:02:53+08:00	2026-07-10T16:02:53+08:00
framework/review/guides/_index.md	2026-07-10T16:02:53+08:00	2026-07-13T16:34:46+08:00
framework/review/guides/algorithm-vs-framework-fix.md	2026-07-10T16:02:53+08:00	2026-07-10T16:02:53+08:00
framework/review/guides/code-taste-api-surface.md	2026-07-10T16:02:53+08:00	2026-07-10T16:02:53+08:00
framework/review/guides/code-taste-review-flow.md	2026-07-10T16:02:53+08:00	2026-07-10T21:02:01+08:00
framework/review/guides/code-taste.md	2026-07-10T16:02:53+08:00	2026-07-10T21:02:01+08:00
framework/review/guides/codex-review-lessons.md	2026-07-10T16:02:53+08:00	2026-07-10T16:02:53+08:00
framework/review/guides/narrow-optimization-scope.md	2026-07-10T16:02:53+08:00	2026-07-10T16:02:53+08:00
framework/review/guides/review-execution-contract.md	2026-07-13T16:34:46+08:00	2026-07-13T16:34:46+08:00
framework/review/guides/reviewer-lens-audit.md	2026-07-10T16:02:53+08:00	2026-07-13T16:34:46+08:00
framework/review/guides/reviewer-lens-cases.md	2026-07-10T16:02:53+08:00	2026-07-10T16:02:53+08:00
framework/review/guides/reviewer-lens-contracts.md	2026-07-10T16:02:53+08:00	2026-07-13T14:49:08+08:00
framework/review/guides/reviewer-lens-gates.md	2026-07-10T16:02:53+08:00	2026-07-10T21:02:01+08:00
framework/review/guides/reviewer-lens-prompt.md	2026-07-10T16:02:53+08:00	2026-07-13T16:34:46+08:00
framework/review/guides/upstream-first-for-algorithm.md	2026-07-10T16:02:53+08:00	2026-07-10T16:02:53+08:00
repos/_index.md	2026-07-10T16:02:53+08:00	2026-07-10T21:02:01+08:00
repos/jianghan-roleplay-data-pipeline/_index.md	2026-07-10T16:02:53+08:00	2026-07-10T16:02:53+08:00
repos/jianghan-roleplay-data-pipeline/pipeline/_index.md	2026-07-10T16:02:53+08:00	2026-07-10T16:02:53+08:00
repos/jianghan-roleplay-data-pipeline/pipeline/architecture.md	2026-07-10T16:02:53+08:00	2026-07-10T16:02:53+08:00
repos/jianghan-roleplay-data-pipeline/pipeline/data-contracts.md	2026-07-10T16:02:53+08:00	2026-07-10T16:02:53+08:00
repos/jianghan-roleplay-data-pipeline/pipeline/handoff.md	2026-07-10T16:02:53+08:00	2026-07-10T16:02:53+08:00
repos/jianghan-roleplay-data-pipeline/pipeline/incidents/2026-07-10-pipeline-lessons-01.md	2026-07-10T16:02:53+08:00	2026-07-10T16:02:53+08:00
repos/jianghan-roleplay-data-pipeline/pipeline/incidents/2026-07-10-pipeline-lessons-02.md	2026-07-10T16:02:53+08:00	2026-07-10T16:02:53+08:00
repos/jianghan-roleplay-data-pipeline/pipeline/incidents/2026-07-10-pipeline-lessons-03.md	2026-07-10T16:02:53+08:00	2026-07-10T16:02:53+08:00
repos/jianghan-roleplay-data-pipeline/pipeline/incidents/2026-07-10-pipeline-lessons-04.md	2026-07-10T16:02:53+08:00	2026-07-10T16:02:53+08:00
repos/jianghan-roleplay-data-pipeline/pipeline/incidents/2026-07-10-pipeline-lessons-05.md	2026-07-10T16:02:53+08:00	2026-07-10T16:02:53+08:00
repos/jianghan-roleplay-data-pipeline/pipeline/incidents/2026-07-10-pipeline-lessons-06.md	2026-07-10T16:02:53+08:00	2026-07-10T16:02:53+08:00
repos/jianghan-roleplay-data-pipeline/pipeline/incidents/2026-07-10-pipeline-lessons-07.md	2026-07-10T16:02:53+08:00	2026-07-10T16:02:53+08:00
repos/jianghan-roleplay-data-pipeline/pipeline/incidents/_index.md	2026-07-10T16:02:53+08:00	2026-07-10T16:02:53+08:00
repos/jianghan-roleplay-data-pipeline/pipeline/stages.md	2026-07-10T16:02:53+08:00	2026-07-10T16:02:53+08:00
repos/vllm-omni/_index.md	2026-07-10T16:02:53+08:00	2026-07-10T17:42:38+08:00
repos/vllm-omni/benchmark/_index.md	2026-07-10T16:02:53+08:00	2026-07-10T16:02:53+08:00
repos/vllm-omni/benchmark/guides/_index.md	2026-07-10T16:02:53+08:00	2026-07-10T16:02:53+08:00
repos/vllm-omni/benchmark/guides/ar-dstep-investigation.md	2026-07-10T16:02:53+08:00	2026-07-10T16:02:53+08:00
repos/vllm-omni/benchmark/guides/ar-graph-gap-analysis.md	2026-07-10T16:02:53+08:00	2026-07-10T16:02:53+08:00
repos/vllm-omni/benchmark/guides/ar-graph-profiling.md	2026-07-10T16:02:53+08:00	2026-07-10T16:02:53+08:00
repos/vllm-omni/benchmark/guides/benchmark-scope.md	2026-07-10T16:02:53+08:00	2026-07-10T16:02:53+08:00
repos/vllm-omni/benchmark/guides/divergent-path-validation.md	2026-07-10T16:02:53+08:00	2026-07-10T16:02:53+08:00
repos/vllm-omni/benchmark/guides/dynamic-batching-validation.md	2026-07-10T16:02:53+08:00	2026-07-10T16:02:53+08:00
repos/vllm-omni/benchmark/guides/evidence-gate.md	2026-07-10T16:02:53+08:00	2026-07-10T16:02:53+08:00
repos/vllm-omni/benchmark/guides/full-pipeline-benchmark.md	2026-07-10T16:02:53+08:00	2026-07-10T21:02:01+08:00
repos/vllm-omni/benchmark/guides/grouped-dit-benchmark.md	2026-07-10T16:02:53+08:00	2026-07-10T16:02:53+08:00
repos/vllm-omni/benchmark/guides/performance-evidence.md	2026-07-10T16:02:53+08:00	2026-07-10T16:02:53+08:00
repos/vllm-omni/benchmark/guides/plan-and-validation.md	2026-07-10T16:02:53+08:00	2026-07-10T16:02:53+08:00
repos/vllm-omni/benchmark/guides/remote-validation-gates.md	2026-07-10T16:02:53+08:00	2026-07-10T16:02:53+08:00
repos/vllm-omni/benchmark/incidents/2026-04-23-profiling-and-model-loading-01.md	2026-07-10T16:02:53+08:00	2026-07-10T16:02:53+08:00
repos/vllm-omni/benchmark/incidents/2026-04-23-profiling-and-model-loading-02.md	2026-07-10T16:02:53+08:00	2026-07-10T16:54:03+08:00
repos/vllm-omni/benchmark/incidents/2026-04-27-profiling-and-model-loading-03.md	2026-07-10T16:02:53+08:00	2026-07-10T16:02:53+08:00
repos/vllm-omni/benchmark/incidents/2026-04-27-profiling-and-model-loading-04.md	2026-07-10T16:02:53+08:00	2026-07-10T16:02:53+08:00
repos/vllm-omni/benchmark/incidents/2026-04-27-profiling-and-model-loading-05.md	2026-07-10T16:02:53+08:00	2026-07-10T16:02:53+08:00
repos/vllm-omni/benchmark/incidents/2026-04-27-profiling-and-model-loading-06.md	2026-07-10T16:02:53+08:00	2026-07-10T16:02:53+08:00
repos/vllm-omni/benchmark/incidents/2026-04-28-profiling-and-model-loading-07.md	2026-07-10T16:02:53+08:00	2026-07-10T16:02:53+08:00
repos/vllm-omni/benchmark/incidents/2026-04-28-profiling-and-model-loading-08.md	2026-07-10T16:02:53+08:00	2026-07-10T16:02:53+08:00
repos/vllm-omni/benchmark/incidents/2026-04-28-profiling-and-model-loading-09.md	2026-07-10T16:02:53+08:00	2026-07-10T16:02:53+08:00
repos/vllm-omni/benchmark/incidents/2026-04-28-profiling-and-model-loading-10.md	2026-07-10T16:02:53+08:00	2026-07-10T16:02:53+08:00
repos/vllm-omni/benchmark/incidents/2026-04-28-profiling-and-model-loading-11.md	2026-07-10T16:02:53+08:00	2026-07-10T16:02:53+08:00
repos/vllm-omni/benchmark/incidents/2026-04-28-profiling-and-model-loading-12.md	2026-07-10T16:02:53+08:00	2026-07-10T16:02:53+08:00
repos/vllm-omni/benchmark/incidents/2026-04-28-profiling-and-model-loading-13.md	2026-07-10T16:02:53+08:00	2026-07-10T16:02:53+08:00
repos/vllm-omni/benchmark/incidents/2026-04-28-profiling-and-model-loading-14.md	2026-07-10T16:02:53+08:00	2026-07-10T16:02:53+08:00
repos/vllm-omni/benchmark/incidents/2026-04-28-profiling-and-model-loading-15.md	2026-07-10T16:02:53+08:00	2026-07-10T16:02:53+08:00
repos/vllm-omni/benchmark/incidents/2026-04-28-profiling-and-model-loading-16.md	2026-07-10T16:02:53+08:00	2026-07-10T16:54:03+08:00
repos/vllm-omni/benchmark/incidents/2026-04-28-profiling-and-model-loading-17.md	2026-07-10T16:02:53+08:00	2026-07-10T16:02:53+08:00
repos/vllm-omni/benchmark/incidents/2026-04-28-profiling-and-model-loading-18.md	2026-07-10T16:02:53+08:00	2026-07-10T16:02:53+08:00
repos/vllm-omni/benchmark/incidents/2026-06-17-profiling-and-model-loading-19.md	2026-07-10T16:02:53+08:00	2026-07-10T16:02:53+08:00
repos/vllm-omni/benchmark/incidents/2026-06-17-profiling-and-model-loading-20.md	2026-07-10T16:02:53+08:00	2026-07-10T16:02:53+08:00
repos/vllm-omni/benchmark/incidents/_index.md	2026-07-10T16:02:53+08:00	2026-07-10T16:02:53+08:00
repos/vllm-omni/benchmark/overview.md	2026-07-10T16:02:53+08:00	2026-07-10T16:02:53+08:00
repos/vllm-omni/benchmark/results/_index.md	2026-07-10T16:02:53+08:00	2026-07-10T16:02:53+08:00
repos/vllm-omni/benchmark/results/ar-2025-04-17.md	2026-07-10T16:02:53+08:00	2026-07-10T16:02:53+08:00
repos/vllm-omni/benchmark/results/ar-graph-online-2026-06-09-no-profiler.md	2026-07-10T16:02:53+08:00	2026-07-10T16:02:53+08:00
repos/vllm-omni/benchmark/results/ar-graph-online-2026-06-09-overview.md	2026-07-10T16:02:53+08:00	2026-07-10T16:02:53+08:00
repos/vllm-omni/benchmark/results/ar-graph-online-2026-06-09-timestep-patch.md	2026-07-10T16:02:53+08:00	2026-07-10T16:02:53+08:00
repos/vllm-omni/benchmark/results/ar-graph-online-2026-06-09-trace.md	2026-07-10T16:02:53+08:00	2026-07-10T16:02:53+08:00
repos/vllm-omni/benchmark/results/ar-graph-online-2026-06-10-tail-gap.md	2026-07-10T16:02:53+08:00	2026-07-10T16:02:53+08:00
repos/vllm-omni/benchmark/results/ar-graph-online-2026-06-12-evidence.md	2026-07-10T16:02:53+08:00	2026-07-10T16:02:53+08:00
repos/vllm-omni/ci/_index.md	2026-07-10T16:02:53+08:00	2026-07-10T16:02:53+08:00
repos/vllm-omni/ci/guides/_index.md	2026-07-10T16:02:53+08:00	2026-07-10T16:02:53+08:00
repos/vllm-omni/ci/guides/ci-gotchas.md	2026-07-10T16:02:53+08:00	2026-07-10T16:02:53+08:00
repos/vllm-omni/ci/incidents/2026-04-22-ci-and-testing-09.md	2026-07-10T16:02:53+08:00	2026-07-10T16:02:53+08:00
repos/vllm-omni/ci/incidents/2026-04-25-ci-and-testing-10.md	2026-07-10T16:02:53+08:00	2026-07-10T16:02:53+08:00
repos/vllm-omni/ci/incidents/2026-05-04-ci-and-testing-11.md	2026-07-10T16:02:53+08:00	2026-07-10T16:02:53+08:00
repos/vllm-omni/ci/incidents/2026-05-04-ci-and-testing-12.md	2026-07-10T16:02:53+08:00	2026-07-10T16:02:53+08:00
repos/vllm-omni/ci/incidents/2026-05-04-ci-and-testing-13.md	2026-07-10T16:02:53+08:00	2026-07-10T16:02:53+08:00
repos/vllm-omni/ci/incidents/2026-05-04-ci-and-testing-14.md	2026-07-10T16:02:53+08:00	2026-07-10T16:02:53+08:00
repos/vllm-omni/ci/incidents/2026-05-08-ci-and-testing-15.md	2026-07-10T16:02:53+08:00	2026-07-10T16:02:53+08:00
repos/vllm-omni/ci/incidents/2026-05-08-ci-and-testing-16.md	2026-07-10T16:02:53+08:00	2026-07-10T16:02:53+08:00
repos/vllm-omni/ci/incidents/2026-05-08-ci-and-testing-17.md	2026-07-10T16:02:53+08:00	2026-07-10T16:02:53+08:00
repos/vllm-omni/ci/incidents/2026-05-08-ci-and-testing-18.md	2026-07-10T16:02:53+08:00	2026-07-10T16:02:53+08:00
repos/vllm-omni/ci/incidents/2026-05-19-ci-and-testing-06.md	2026-07-10T16:02:53+08:00	2026-07-10T16:02:53+08:00
repos/vllm-omni/ci/incidents/2026-05-19-ci-and-testing-07.md	2026-07-10T16:02:53+08:00	2026-07-10T16:02:53+08:00
repos/vllm-omni/ci/incidents/2026-05-19-ci-and-testing-08.md	2026-07-10T16:02:53+08:00	2026-07-10T16:02:53+08:00
repos/vllm-omni/ci/incidents/2026-05-21-ci-and-testing-04.md	2026-07-10T16:02:53+08:00	2026-07-10T16:02:53+08:00
repos/vllm-omni/ci/incidents/2026-05-21-ci-and-testing-05.md	2026-07-10T16:02:53+08:00	2026-07-10T16:02:53+08:00
repos/vllm-omni/ci/incidents/2026-05-26-ci-and-testing-03.md	2026-07-10T16:02:53+08:00	2026-07-10T16:02:53+08:00
repos/vllm-omni/ci/incidents/2026-05-26-ci-and-testing-19.md	2026-07-10T16:02:53+08:00	2026-07-10T16:02:53+08:00
repos/vllm-omni/ci/incidents/2026-05-29-ci-and-testing-01.md	2026-07-10T16:02:53+08:00	2026-07-10T16:02:53+08:00
repos/vllm-omni/ci/incidents/2026-05-29-ci-and-testing-02.md	2026-07-10T16:02:53+08:00	2026-07-10T16:02:53+08:00
repos/vllm-omni/ci/incidents/_index.md	2026-07-10T16:02:53+08:00	2026-07-10T16:02:53+08:00
repos/vllm-omni/components/_index.md	2026-07-10T16:02:53+08:00	2026-07-10T18:02:02+08:00
repos/vllm-omni/components/diffusion/_index.md	2026-07-10T16:02:53+08:00	2026-07-10T16:02:53+08:00
repos/vllm-omni/components/diffusion/architecture.md	2026-07-10T16:02:53+08:00	2026-07-10T16:02:53+08:00
repos/vllm-omni/components/model-executor/_index.md	2026-07-10T16:02:53+08:00	2026-07-10T22:28:58+08:00
repos/vllm-omni/components/model-executor/architecture.md	2026-07-10T16:02:53+08:00	2026-07-10T21:02:01+08:00
repos/vllm-omni/components/model-executor/rules.md	2026-07-10T18:02:02+08:00	2026-07-10T21:02:01+08:00
repos/vllm-omni/components/serving/_index.md	2026-07-10T16:02:53+08:00	2026-07-10T16:02:53+08:00
repos/vllm-omni/components/serving/architecture.md	2026-07-10T16:02:53+08:00	2026-07-10T16:02:53+08:00
repos/vllm-omni/debug/_index.md	2026-07-10T16:02:53+08:00	2026-07-10T18:30:34+08:00
repos/vllm-omni/debug/guides/_index.md	2026-07-10T16:02:53+08:00	2026-07-10T16:54:03+08:00
repos/vllm-omni/debug/guides/alignment-debug.md	2026-07-10T16:02:53+08:00	2026-07-10T16:02:53+08:00
repos/vllm-omni/debug/guides/conclusion-discipline-cases.md	2026-07-10T16:54:03+08:00	2026-07-10T16:54:03+08:00
repos/vllm-omni/debug/guides/debug-funnel-cases.md	2026-07-10T16:54:03+08:00	2026-07-10T16:54:03+08:00
repos/vllm-omni/debug/guides/execution-principles-cases.md	2026-07-10T16:54:03+08:00	2026-07-10T16:54:03+08:00
repos/vllm-omni/debug/guides/seed-determinism-audit.md	2026-07-10T16:02:53+08:00	2026-07-10T16:02:53+08:00
repos/vllm-omni/debug/guides/size-debug.md	2026-07-10T16:02:53+08:00	2026-07-10T16:02:53+08:00
repos/vllm-omni/debug/guides/style-bias-debug.md	2026-07-10T16:02:53+08:00	2026-07-10T16:02:53+08:00
repos/vllm-omni/debug/guides/systematic-vs-stochastic.md	2026-07-10T16:02:53+08:00	2026-07-10T16:02:53+08:00
repos/vllm-omni/dev/_index.md	2026-07-10T16:02:53+08:00	2026-07-10T16:02:53+08:00
repos/vllm-omni/dev/guides/_index.md	2026-07-10T16:02:53+08:00	2026-07-10T16:02:53+08:00
repos/vllm-omni/dev/guides/config-audit-plain-language.md	2026-07-10T16:02:53+08:00	2026-07-10T16:02:53+08:00
repos/vllm-omni/dev/guides/omni-init-args.md	2026-07-10T16:02:53+08:00	2026-07-10T16:02:53+08:00
repos/vllm-omni/docs/_index.md	2026-07-10T16:02:53+08:00	2026-07-10T16:02:53+08:00
repos/vllm-omni/docs/rfcs/_index.md	2026-07-10T16:02:53+08:00	2026-07-10T16:02:53+08:00
repos/vllm-omni/docs/rfcs/status.md	2026-07-10T16:02:53+08:00	2026-07-10T16:02:53+08:00
repos/vllm-omni/git/_index.md	2026-07-10T16:02:53+08:00	2026-07-10T16:02:53+08:00
repos/vllm-omni/git/guides/_index.md	2026-07-10T16:02:53+08:00	2026-07-10T16:02:53+08:00
repos/vllm-omni/git/guides/branch-push-rebase.md	2026-07-10T16:02:53+08:00	2026-07-10T16:02:53+08:00
repos/vllm-omni/git/guides/debugging-and-tests.md	2026-07-10T16:02:53+08:00	2026-07-10T16:02:53+08:00
repos/vllm-omni/git/guides/integration-pr-merge-vehicle.md	2026-07-10T16:02:53+08:00	2026-07-10T16:02:53+08:00
repos/vllm-omni/git/guides/pr-body-evidence.md	2026-07-10T16:02:53+08:00	2026-07-10T16:02:53+08:00
repos/vllm-omni/git/guides/pr-body-model-evidence.md	2026-07-10T16:02:53+08:00	2026-07-10T16:02:53+08:00
repos/vllm-omni/git/guides/pr-body-privacy.md	2026-07-10T16:02:53+08:00	2026-07-10T16:02:53+08:00
repos/vllm-omni/git/guides/pr-body-provenance.md	2026-07-10T16:02:53+08:00	2026-07-10T16:02:53+08:00
repos/vllm-omni/git/guides/pr-workflow.md	2026-07-10T16:02:53+08:00	2026-07-10T16:02:53+08:00
repos/vllm-omni/git/guides/scope-narrowing.md	2026-07-10T16:02:53+08:00	2026-07-10T21:02:01+08:00
repos/vllm-omni/git/incidents/2026-04-30-git-and-pr-branch-pollution-01.md	2026-07-10T16:02:53+08:00	2026-07-10T16:02:53+08:00
repos/vllm-omni/git/incidents/2026-05-19-git-and-pr-branch-pollution-03.md	2026-07-10T16:02:53+08:00	2026-07-10T16:02:53+08:00
repos/vllm-omni/git/incidents/2026-05-19-git-and-pr-branch-pollution-05.md	2026-07-10T16:02:53+08:00	2026-07-10T16:02:53+08:00
repos/vllm-omni/git/incidents/2026-05-19-git-and-pr-branch-pollution-06.md	2026-07-10T16:02:53+08:00	2026-07-10T16:02:53+08:00
repos/vllm-omni/git/incidents/2026-05-19-git-and-pr-branch-pollution-07.md	2026-07-10T16:02:53+08:00	2026-07-10T16:02:53+08:00
repos/vllm-omni/git/incidents/2026-05-20-git-and-pr-branch-pollution-02.md	2026-07-10T16:02:53+08:00	2026-07-10T16:02:53+08:00
repos/vllm-omni/git/incidents/2026-05-20-git-and-pr-branch-pollution-04.md	2026-07-10T16:02:53+08:00	2026-07-10T16:02:53+08:00
repos/vllm-omni/git/incidents/2026-05-27-git-and-pr-branch-pollution-08.md	2026-07-10T16:02:53+08:00	2026-07-10T16:02:53+08:00
repos/vllm-omni/git/incidents/2026-05-27-git-and-pr-branch-pollution-09.md	2026-07-10T16:02:53+08:00	2026-07-10T16:02:53+08:00
repos/vllm-omni/git/incidents/2026-05-29-git-and-pr-branch-pollution-10.md	2026-07-10T16:02:53+08:00	2026-07-10T16:02:53+08:00
repos/vllm-omni/git/incidents/_index.md	2026-07-10T16:02:53+08:00	2026-07-10T16:02:53+08:00
repos/vllm-omni/models/_index.md	2026-07-10T16:02:53+08:00	2026-07-10T16:02:53+08:00
repos/vllm-omni/models/hunyuan-image3/_index.md	2026-07-10T16:02:53+08:00	2026-07-13T15:25:21+08:00
repos/vllm-omni/models/hunyuan-image3/architecture.md	2026-07-10T16:02:53+08:00	2026-07-10T16:02:53+08:00
repos/vllm-omni/models/hunyuan-image3/guides/_index.md	2026-07-10T16:02:53+08:00	2026-07-10T16:02:53+08:00
repos/vllm-omni/models/hunyuan-image3/guides/hf-alignment-pitfalls.md	2026-07-10T16:02:53+08:00	2026-07-10T16:54:03+08:00
repos/vllm-omni/models/hunyuan-image3/guides/hf-baseline-runbook.md	2026-07-10T16:02:53+08:00	2026-07-10T16:02:53+08:00
repos/vllm-omni/models/hunyuan-image3/guides/hf-omni-alignment-method.md	2026-07-10T16:02:53+08:00	2026-07-10T16:02:53+08:00
repos/vllm-omni/models/hunyuan-image3/guides/it2i-gap.md	2026-07-10T16:02:53+08:00	2026-07-10T16:02:53+08:00
repos/vllm-omni/models/hunyuan-image3/guides/official-prompt-format.md	2026-07-10T16:02:53+08:00	2026-07-10T16:02:53+08:00
repos/vllm-omni/models/hunyuan-image3/guides/run-image-gen-demo.md	2026-07-10T16:02:53+08:00	2026-07-10T16:02:53+08:00
repos/vllm-omni/models/hunyuan-image3/history/_index.md	2026-07-10T16:02:53+08:00	2026-07-10T16:02:53+08:00
repos/vllm-omni/models/hunyuan-image3/history/alignment-inventory.md	2026-07-10T16:02:53+08:00	2026-07-10T16:02:53+08:00
repos/vllm-omni/models/hunyuan-image3/history/ar-dit-bridge.md	2026-07-10T16:02:53+08:00	2026-07-10T16:02:53+08:00
repos/vllm-omni/models/hunyuan-image3/history/ar-graph-online-profiling-2026-06-08.md	2026-07-10T16:02:53+08:00	2026-07-10T16:02:53+08:00
repos/vllm-omni/models/hunyuan-image3/history/ar-only-tp2-benchmark-runbook.md	2026-07-10T16:02:53+08:00	2026-07-10T16:02:53+08:00
repos/vllm-omni/models/hunyuan-image3/history/bidirectional-attention.md	2026-07-10T16:02:53+08:00	2026-07-10T16:02:53+08:00
repos/vllm-omni/models/hunyuan-image3/history/ci-progress.md	2026-07-10T16:02:53+08:00	2026-07-10T16:54:03+08:00
repos/vllm-omni/models/hunyuan-image3/history/legacy-error-summary.md	2026-07-10T16:02:53+08:00	2026-07-10T16:02:53+08:00
repos/vllm-omni/models/hunyuan-image3/history/moe-fp32-router.md	2026-07-10T16:02:53+08:00	2026-07-10T16:02:53+08:00
repos/vllm-omni/models/hunyuan-image3/history/multi-image-input-plumbing.md	2026-07-10T16:02:53+08:00	2026-07-10T16:02:53+08:00
repos/vllm-omni/models/hunyuan-image3/history/painterly-drift-investigation.md	2026-07-10T16:02:53+08:00	2026-07-10T16:02:53+08:00
repos/vllm-omni/models/hunyuan-image3/history/profiling-tp4-fp8-baseline.md	2026-07-10T16:02:53+08:00	2026-07-10T16:02:53+08:00
repos/vllm-omni/models/hunyuan-image3/history/stage-device-mapping-race.md	2026-07-10T16:02:53+08:00	2026-07-10T16:02:53+08:00
repos/vllm-omni/models/hunyuan-image3/incidents/2026-05-13-kv-reuse-orchestrator.md	2026-07-10T16:02:53+08:00	2026-07-10T16:02:53+08:00
repos/vllm-omni/models/hunyuan-image3/incidents/_index.md	2026-07-10T16:02:53+08:00	2026-07-10T16:02:53+08:00
repos/vllm-omni/models/hunyuan-image3/incidents/painterly/2026-05-05-painterly-conditioning-ablation-01.md	2026-07-10T16:02:53+08:00	2026-07-10T16:02:53+08:00
repos/vllm-omni/models/hunyuan-image3/incidents/painterly/2026-05-05-painterly-conditioning-ablation-02.md	2026-07-10T16:02:53+08:00	2026-07-10T16:02:53+08:00
repos/vllm-omni/models/hunyuan-image3/incidents/painterly/2026-05-05-painterly-conditioning-ablation-03.md	2026-07-10T16:02:53+08:00	2026-07-10T16:02:53+08:00
repos/vllm-omni/models/hunyuan-image3/incidents/painterly/2026-05-05-painterly-debug-methodology-misses-01.md	2026-07-10T16:02:53+08:00	2026-07-10T16:02:53+08:00
repos/vllm-omni/models/hunyuan-image3/incidents/painterly/2026-05-05-painterly-debug-methodology-misses-02.md	2026-07-10T16:02:53+08:00	2026-07-10T16:02:53+08:00
repos/vllm-omni/models/hunyuan-image3/incidents/painterly/2026-05-05-painterly-debug-methodology-misses-03.md	2026-07-10T16:02:53+08:00	2026-07-10T16:02:53+08:00
repos/vllm-omni/models/hunyuan-image3/incidents/painterly/2026-05-05-painterly-debug-methodology-misses-04.md	2026-07-10T16:02:53+08:00	2026-07-10T16:02:53+08:00
repos/vllm-omni/models/hunyuan-image3/incidents/painterly/2026-05-05-painterly-debug-methodology-misses-05.md	2026-07-10T16:02:53+08:00	2026-07-10T16:02:53+08:00
repos/vllm-omni/models/hunyuan-image3/incidents/painterly/2026-05-06-painterly-psnr-pitfalls-01.md	2026-07-10T16:02:53+08:00	2026-07-10T16:02:53+08:00
repos/vllm-omni/models/hunyuan-image3/incidents/painterly/2026-05-06-painterly-psnr-pitfalls-02.md	2026-07-10T16:02:53+08:00	2026-07-10T16:02:53+08:00
repos/vllm-omni/models/hunyuan-image3/incidents/painterly/2026-05-06-painterly-psnr-pitfalls-03.md	2026-07-10T16:02:53+08:00	2026-07-10T16:02:53+08:00
repos/vllm-omni/models/hunyuan-image3/incidents/painterly/2026-05-06-painterly-root-cause-01.md	2026-07-10T16:02:53+08:00	2026-07-10T16:02:53+08:00
repos/vllm-omni/models/hunyuan-image3/incidents/painterly/2026-05-06-painterly-root-cause-02.md	2026-07-10T16:02:53+08:00	2026-07-10T16:02:53+08:00
repos/vllm-omni/models/hunyuan-image3/incidents/painterly/2026-05-06-painterly-root-cause-03.md	2026-07-10T16:02:53+08:00	2026-07-10T16:02:53+08:00
repos/vllm-omni/models/hunyuan-image3/incidents/painterly/2026-05-06-painterly-silent-bugs-01.md	2026-07-10T16:02:53+08:00	2026-07-10T16:02:53+08:00
repos/vllm-omni/models/hunyuan-image3/incidents/painterly/2026-05-07-painterly-silent-bugs-02.md	2026-07-10T16:02:53+08:00	2026-07-10T16:02:53+08:00
repos/vllm-omni/models/hunyuan-image3/incidents/painterly/2026-05-08-painterly-plan-size-misjudge-01.md	2026-07-10T16:02:53+08:00	2026-07-10T16:02:53+08:00
repos/vllm-omni/models/hunyuan-image3/incidents/painterly/2026-05-08-painterly-plan-size-misjudge-02.md	2026-07-10T16:02:53+08:00	2026-07-10T16:02:53+08:00
repos/vllm-omni/models/hunyuan-image3/incidents/painterly/_index.md	2026-07-10T16:02:53+08:00	2026-07-10T16:02:53+08:00
repos/vllm-omni/models/hunyuan-image3/rules.md	2026-07-13T14:49:08+08:00	2026-07-13T15:25:21+08:00
repos/vllm-omni/remote/_index.md	2026-07-10T16:02:53+08:00	2026-07-10T16:02:53+08:00
repos/vllm-omni/remote/guides/_index.md	2026-07-10T16:02:53+08:00	2026-07-10T16:02:53+08:00
repos/vllm-omni/remote/guides/remote-debug-strategy.md	2026-07-10T16:02:53+08:00	2026-07-10T21:02:01+08:00
repos/vllm-omni/remote/incidents/2026-04-27-remote-runtime-gpu-01.md	2026-07-10T16:02:53+08:00	2026-07-10T16:02:53+08:00
repos/vllm-omni/remote/incidents/2026-05-18-remote-runtime-gpu-02.md	2026-07-10T16:02:53+08:00	2026-07-10T16:02:53+08:00
repos/vllm-omni/remote/incidents/2026-05-18-remote-runtime-gpu-03.md	2026-07-10T16:02:53+08:00	2026-07-10T16:02:53+08:00
repos/vllm-omni/remote/incidents/2026-05-18-remote-runtime-gpu-04.md	2026-07-10T16:02:53+08:00	2026-07-10T16:02:53+08:00
repos/vllm-omni/remote/incidents/2026-05-18-remote-runtime-gpu-05.md	2026-07-10T16:02:53+08:00	2026-07-10T16:02:53+08:00
repos/vllm-omni/remote/incidents/_index.md	2026-07-10T16:02:53+08:00	2026-07-10T16:02:53+08:00
repos/vllm-omni/remote/incidents/performance-validation/2026-05-19-remote-validation-013.md	2026-07-10T16:02:53+08:00	2026-07-10T16:02:53+08:00
repos/vllm-omni/remote/incidents/performance-validation/2026-06-01-remote-validation-019.md	2026-07-10T16:02:53+08:00	2026-07-10T16:02:53+08:00
repos/vllm-omni/remote/incidents/performance-validation/2026-06-01-remote-validation-020.md	2026-07-10T16:02:53+08:00	2026-07-10T16:02:53+08:00
repos/vllm-omni/remote/incidents/performance-validation/2026-06-02-remote-validation-021.md	2026-07-10T16:02:53+08:00	2026-07-10T16:02:53+08:00
repos/vllm-omni/remote/incidents/performance-validation/2026-06-02-remote-validation-022.md	2026-07-10T16:02:53+08:00	2026-07-10T16:02:53+08:00
repos/vllm-omni/remote/incidents/performance-validation/2026-06-02-remote-validation-023.md	2026-07-10T16:02:53+08:00	2026-07-10T16:02:53+08:00
repos/vllm-omni/remote/incidents/performance-validation/2026-06-02-remote-validation-024.md	2026-07-10T16:02:53+08:00	2026-07-10T16:02:53+08:00
repos/vllm-omni/remote/incidents/performance-validation/2026-06-05-remote-validation-025.md	2026-07-10T16:02:53+08:00	2026-07-10T16:02:53+08:00
repos/vllm-omni/remote/incidents/performance-validation/2026-06-05-remote-validation-026.md	2026-07-10T16:02:53+08:00	2026-07-10T16:54:03+08:00
repos/vllm-omni/remote/incidents/performance-validation/2026-06-08-remote-validation-003.md	2026-07-10T16:02:53+08:00	2026-07-10T16:02:53+08:00
repos/vllm-omni/remote/incidents/performance-validation/2026-06-08-remote-validation-004.md	2026-07-10T16:02:53+08:00	2026-07-10T16:02:53+08:00
repos/vllm-omni/remote/incidents/performance-validation/2026-06-08-remote-validation-005.md	2026-07-10T16:02:53+08:00	2026-07-10T16:02:53+08:00
repos/vllm-omni/remote/incidents/performance-validation/2026-06-08-remote-validation-027.md	2026-07-10T16:02:53+08:00	2026-07-10T16:02:53+08:00
repos/vllm-omni/remote/incidents/performance-validation/2026-06-12-remote-validation-028.md	2026-07-10T16:02:53+08:00	2026-07-10T16:02:53+08:00
repos/vllm-omni/remote/incidents/performance-validation/2026-06-12-remote-validation-029.md	2026-07-10T16:02:53+08:00	2026-07-10T16:02:53+08:00
repos/vllm-omni/remote/incidents/performance-validation/2026-06-15-remote-validation-002.md	2026-07-10T16:02:53+08:00	2026-07-10T16:02:53+08:00
repos/vllm-omni/remote/incidents/performance-validation/2026-06-16-remote-validation-030.md	2026-07-10T16:02:53+08:00	2026-07-10T16:02:53+08:00
repos/vllm-omni/remote/incidents/performance-validation/2026-06-17-remote-validation-001.md	2026-07-10T16:02:53+08:00	2026-07-10T16:02:53+08:00
repos/vllm-omni/remote/incidents/performance-validation/2026-06-17-remote-validation-031.md	2026-07-10T16:02:53+08:00	2026-07-10T16:02:53+08:00
repos/vllm-omni/remote/incidents/performance-validation/2026-06-22-remote-validation-032.md	2026-07-10T16:02:53+08:00	2026-07-10T16:02:53+08:00
repos/vllm-omni/remote/incidents/performance-validation/_index.md	2026-07-10T16:02:53+08:00	2026-07-10T16:02:53+08:00
repos/vllm-omni/remote/incidents/workflow-validation/2026-04-27-remote-validation-007.md	2026-07-10T16:02:53+08:00	2026-07-10T16:02:53+08:00
repos/vllm-omni/remote/incidents/workflow-validation/2026-05-18-remote-validation-008.md	2026-07-10T16:02:53+08:00	2026-07-10T16:02:53+08:00
repos/vllm-omni/remote/incidents/workflow-validation/2026-05-18-remote-validation-009.md	2026-07-10T16:02:53+08:00	2026-07-10T16:02:53+08:00
repos/vllm-omni/remote/incidents/workflow-validation/2026-05-19-remote-validation-006.md	2026-07-10T16:02:53+08:00	2026-07-10T16:02:53+08:00
repos/vllm-omni/remote/incidents/workflow-validation/2026-05-19-remote-validation-010.md	2026-07-10T16:02:53+08:00	2026-07-10T16:02:53+08:00
repos/vllm-omni/remote/incidents/workflow-validation/2026-05-19-remote-validation-011.md	2026-07-10T16:02:53+08:00	2026-07-10T16:02:53+08:00
repos/vllm-omni/remote/incidents/workflow-validation/2026-05-19-remote-validation-012.md	2026-07-10T16:02:53+08:00	2026-07-10T16:02:53+08:00
repos/vllm-omni/remote/incidents/workflow-validation/2026-05-19-remote-validation-014.md	2026-07-10T16:02:53+08:00	2026-07-10T16:02:53+08:00
repos/vllm-omni/remote/incidents/workflow-validation/2026-05-20-remote-validation-015.md	2026-07-10T16:02:53+08:00	2026-07-10T16:02:53+08:00
repos/vllm-omni/remote/incidents/workflow-validation/2026-05-20-remote-validation-016.md	2026-07-10T16:02:53+08:00	2026-07-10T16:02:53+08:00
repos/vllm-omni/remote/incidents/workflow-validation/2026-05-20-remote-validation-017.md	2026-07-10T16:02:53+08:00	2026-07-10T16:02:53+08:00
repos/vllm-omni/remote/incidents/workflow-validation/2026-05-20-remote-validation-018.md	2026-07-10T16:02:53+08:00	2026-07-10T16:02:53+08:00
repos/vllm-omni/remote/incidents/workflow-validation/_index.md	2026-07-10T16:02:53+08:00	2026-07-10T16:02:53+08:00
repos/vllm-omni/review/_index.md	2026-07-10T16:02:53+08:00	2026-07-10T16:02:53+08:00
repos/vllm-omni/review/guides/_index.md	2026-07-10T16:02:53+08:00	2026-07-10T16:02:53+08:00
repos/vllm-omni/review/guides/model-adaptation-guardrails.md	2026-07-10T16:02:53+08:00	2026-07-10T16:02:53+08:00
repos/vllm-omni/review/guides/model-validation.md	2026-07-10T16:02:53+08:00	2026-07-10T16:02:53+08:00
repos/vllm-omni/rules.md	2026-07-10T16:54:03+08:00	2026-07-10T21:02:01+08:00
skills/claudeception/.claude/settings.local.json	2026-04-25T22:46:41+08:00	2026-04-25T22:46:41+08:00
skills/claudeception/.claude/skills/continuous-learning/SKILL.md	2026-04-25T22:46:41+08:00	2026-04-25T22:46:41+08:00
skills/claudeception/LICENSE	2026-04-25T22:46:41+08:00	2026-04-25T22:46:41+08:00
skills/claudeception/README.md	2026-04-25T22:46:41+08:00	2026-04-25T22:46:41+08:00
skills/claudeception/SKILL.md	2026-04-25T22:46:41+08:00	2026-07-10T22:28:58+08:00
skills/claudeception/WARP.md	2026-04-25T22:46:41+08:00	2026-04-25T22:46:41+08:00
skills/claudeception/examples/nextjs-server-side-error-debugging/SKILL.md	2026-04-25T22:46:41+08:00	2026-04-25T22:46:41+08:00
skills/claudeception/examples/prisma-connection-pool-exhaustion/SKILL.md	2026-04-25T22:46:41+08:00	2026-04-25T22:46:41+08:00
skills/claudeception/examples/typescript-circular-dependency/SKILL.md	2026-04-25T22:46:41+08:00	2026-04-25T22:46:41+08:00
skills/claudeception/resources/research-references.md	2026-04-25T22:46:41+08:00	2026-04-25T22:46:41+08:00
skills/claudeception/resources/skill-template.md	2026-04-25T22:46:41+08:00	2026-04-25T22:46:41+08:00
skills/claudeception/scripts/claudeception-activator.sh	2026-04-25T22:46:41+08:00	2026-04-25T22:46:41+08:00
skills/claudeception/test-skill-parsing.yaml	2026-04-25T22:46:41+08:00	2026-04-25T22:46:41+08:00
skills/clean-thinking/SKILL.md	2026-04-25T22:46:41+08:00	2026-04-25T22:46:41+08:00
skills/reflect-system/.state/auto-reflection.json	2026-04-25T22:46:41+08:00	2026-04-25T22:46:41+08:00
skills/reflect-system/.state/last-reflection.timestamp	2026-04-25T22:46:41+08:00	2026-04-25T22:46:41+08:00
skills/reflect-system/README.md	2026-04-25T22:46:41+08:00	2026-07-10T16:54:03+08:00
skills/reflect-system/SKILL.md	2026-04-25T22:46:41+08:00	2026-04-25T22:46:41+08:00
skills/reflect-system/USER_GUIDE.md	2026-04-25T22:46:41+08:00	2026-04-25T22:48:27+08:00
skills/reflect-system/commands/reflect-meta.md	2026-04-25T22:46:41+08:00	2026-04-25T22:48:27+08:00
skills/reflect-system/commands/reflect-promote.md	2026-04-25T22:46:41+08:00	2026-07-10T16:54:03+08:00
skills/reflect-system/commands/reflect-stats.md	2026-04-25T22:46:41+08:00	2026-04-25T22:48:27+08:00
skills/reflect-system/references/signal-patterns.md	2026-04-25T22:46:41+08:00	2026-04-25T22:46:41+08:00
skills/reflect-system/scripts/extract_signals.py	2026-04-25T22:46:41+08:00	2026-04-25T22:46:41+08:00
skills/reflect-system/scripts/hook-stop.sh	2026-04-25T22:46:41+08:00	2026-05-19T20:30:11+08:00
skills/reflect-system/scripts/learning_ledger.py	2026-04-25T22:46:41+08:00	2026-04-25T22:46:41+08:00
skills/reflect-system/scripts/meta_learning.py	2026-04-25T22:46:41+08:00	2026-04-25T22:48:27+08:00
skills/reflect-system/scripts/present_review.py	2026-04-25T22:46:41+08:00	2026-04-25T22:46:41+08:00
skills/reflect-system/scripts/promote_learning.py	2026-04-25T22:46:41+08:00	2026-04-25T22:46:41+08:00
skills/reflect-system/scripts/reflect.py	2026-04-25T22:46:41+08:00	2026-05-19T20:30:11+08:00
skills/reflect-system/scripts/scope_analyzer.py	2026-04-25T22:46:41+08:00	2026-04-25T22:46:41+08:00
skills/reflect-system/scripts/semantic_detector.py	2026-04-25T22:46:41+08:00	2026-04-25T22:46:41+08:00
skills/reflect-system/scripts/toggle-off.sh	2026-04-25T22:46:41+08:00	2026-04-25T22:46:41+08:00
skills/reflect-system/scripts/toggle-on.sh	2026-04-25T22:46:41+08:00	2026-04-25T22:46:41+08:00
skills/reflect-system/scripts/toggle-status.sh	2026-04-25T22:46:41+08:00	2026-04-25T22:46:41+08:00
skills/reflect-system/scripts/update_skill.py	2026-04-25T22:46:41+08:00	2026-04-25T22:46:41+08:00
tools/check_knowledge_tree.py	2026-07-10T16:02:53+08:00	2026-07-10T22:28:58+08:00
tools/check_review_report.py	2026-07-13T16:34:46+08:00	2026-07-13T16:34:46+08:00
tools/pr_scope_gate.ps1	2026-06-22T11:18:38+08:00	2026-06-22T11:18:38+08:00
tools/test_check_review_report.py	2026-07-13T16:34:46+08:00	2026-07-13T16:34:46+08:00
